{
    "name": "root",
    "gauges": {
        "Car.Policy.Entropy.mean": {
            "value": 1.9511953592300415,
            "min": 1.4189382791519165,
            "max": 1.9511953592300415,
            "count": 2286
        },
        "Car.Policy.Entropy.sum": {
            "value": 20631.939453125,
            "min": 10671.3662109375,
            "max": 23548.013671875,
            "count": 2286
        },
        "Car.Step.mean": {
            "value": 22859921.0,
            "min": 9920.0,
            "max": 22859921.0,
            "count": 2286
        },
        "Car.Step.sum": {
            "value": 22859921.0,
            "min": 9920.0,
            "max": 22859921.0,
            "count": 2286
        },
        "Car.Policy.ExtrinsicValueEstimate.mean": {
            "value": 3.560784101486206,
            "min": -6.228673934936523,
            "max": 4.116570949554443,
            "count": 2286
        },
        "Car.Policy.ExtrinsicValueEstimate.sum": {
            "value": 284.86273193359375,
            "min": -504.5225830078125,
            "max": 329.32568359375,
            "count": 2286
        },
        "Car.Environment.EpisodeLength.mean": {
            "value": 998.2222222222222,
            "min": 564.5294117647059,
            "max": 999.0,
            "count": 2286
        },
        "Car.Environment.EpisodeLength.sum": {
            "value": 8984.0,
            "min": 5994.0,
            "max": 15984.0,
            "count": 2286
        },
        "Car.Environment.CumulativeReward.mean": {
            "value": 46.86088742150201,
            "min": -606.8905662968755,
            "max": 46.86088742150201,
            "count": 2286
        },
        "Car.Environment.CumulativeReward.sum": {
            "value": 421.74798679351807,
            "min": -4855.124530375004,
            "max": 551.9043492078781,
            "count": 2286
        },
        "Car.Policy.ExtrinsicReward.mean": {
            "value": 46.86088742150201,
            "min": -606.8905662968755,
            "max": 46.86088742150201,
            "count": 2286
        },
        "Car.Policy.ExtrinsicReward.sum": {
            "value": 421.74798679351807,
            "min": -4855.124530375004,
            "max": 551.9043492078781,
            "count": 2286
        },
        "Car.IsTraining.mean": {
            "value": 1.0,
            "min": 1.0,
            "max": 1.0,
            "count": 2286
        },
        "Car.IsTraining.sum": {
            "value": 1.0,
            "min": 1.0,
            "max": 1.0,
            "count": 2286
        },
        "Car.Losses.PolicyLoss.mean": {
            "value": 0.08700190811165763,
            "min": 0.05655739737364153,
            "max": 0.14616888364156086,
            "count": 1129
        },
        "Car.Losses.PolicyLoss.sum": {
            "value": 0.08700190811165763,
            "min": 0.05655739737364153,
            "max": 0.14616888364156086,
            "count": 1129
        },
        "Car.Losses.ValueLoss.mean": {
            "value": 0.008345938784380754,
            "min": 0.00787663257215172,
            "max": 258.3930641531944,
            "count": 1129
        },
        "Car.Losses.ValueLoss.sum": {
            "value": 0.008345938784380754,
            "min": 0.00787663257215172,
            "max": 258.3930641531944,
            "count": 1129
        },
        "Car.Policy.LearningRate.mean": {
            "value": 0.0002862922797692415,
            "min": 0.0002862922797692415,
            "max": 0.00029998732800422403,
            "count": 1129
        },
        "Car.Policy.LearningRate.sum": {
            "value": 0.0002862922797692415,
            "min": 0.0002862922797692415,
            "max": 0.00029998732800422403,
            "count": 1129
        },
        "Car.Policy.Epsilon.mean": {
            "value": 0.19543075839999996,
            "min": 0.19543075839999996,
            "max": 0.199995776,
            "count": 1129
        },
        "Car.Policy.Epsilon.sum": {
            "value": 0.19543075839999996,
            "min": 0.19543075839999996,
            "max": 0.199995776,
            "count": 1129
        },
        "Car.Policy.Beta.mean": {
            "value": 0.004771994844159999,
            "min": 0.004771994844159999,
            "max": 0.0049997892224,
            "count": 1129
        },
        "Car.Policy.Beta.sum": {
            "value": 0.004771994844159999,
            "min": 0.004771994844159999,
            "max": 0.0049997892224,
            "count": 1129
        }
    },
    "metadata": {
        "timer_format_version": "0.1.0",
        "start_time_seconds": "1660403251",
        "python_version": "3.7.13 (default, Mar 28 2022, 08:03:21) [MSC v.1916 64 bit (AMD64)]",
        "command_line_arguments": "C:\\Users\\andre\\anaconda3\\envs\\ml-agents-2.0\\Scripts\\mlagents-learn ./trainer_config.yaml --run-id run_06",
        "mlagents_version": "0.29.0",
        "mlagents_envs_version": "0.29.0",
        "communication_protocol_version": "1.5.0",
        "pytorch_version": "1.12.1+cpu",
        "numpy_version": "1.21.2",
        "end_time_seconds": "1660429935"
    },
    "total": 26683.6815525,
    "count": 1,
    "self": 0.005396299995481968,
    "children": {
        "run_training.setup": {
            "total": 0.07721739999999999,
            "count": 1,
            "self": 0.07721739999999999
        },
        "TrainerController.start_learning": {
            "total": 26683.5989388,
            "count": 1,
            "self": 56.86640470007842,
            "children": {
                "TrainerController._reset_env": {
                    "total": 18.217826,
                    "count": 1,
                    "self": 18.217826
                },
                "TrainerController.advance": {
                    "total": 26608.412722699923,
                    "count": 2872820,
                    "self": 28.702138299573562,
                    "children": {
                        "env_step": {
                            "total": 26579.71058440035,
                            "count": 2872820,
                            "self": 23549.88280409851,
                            "children": {
                                "SubprocessEnvManager._take_step": {
                                    "total": 3004.4660572018824,
                                    "count": 2872821,
                                    "self": 150.06221050363956,
                                    "children": {
                                        "TorchPolicy.evaluate": {
                                            "total": 2854.403846698243,
                                            "count": 2858389,
                                            "self": 420.7957191000278,
                                            "children": {
                                                "TorchPolicy.sample_actions": {
                                                    "total": 2433.608127598215,
                                                    "count": 2858389,
                                                    "self": 2433.608127598215
                                                }
                                            }
                                        }
                                    }
                                },
                                "workers": {
                                    "total": 25.361723099956134,
                                    "count": 2872819,
                                    "self": 0.0,
                                    "children": {
                                        "worker_root": {
                                            "total": 26551.90579790137,
                                            "count": 2872819,
                                            "is_parallel": true,
                                            "self": 6096.935732801732,