{
    "name": "root",
    "gauges": {
        "Car.Policy.Entropy.mean": {
            "value": -2.117725372314453,
            "min": -2.117824077606201,
            "max": 1.605968952178955,
            "count": 5000
        },
        "Car.Policy.Entropy.sum": {
            "value": -21016.306640625,
            "min": -22402.46875,
            "max": 19373.7734375,
            "count": 5000
        },
        "Car.Collisions.mean": {
            "value": 1.0,
            "min": 1.0,
            "max": 1.0,
            "count": 2020
        },
        "Car.Collisions.sum": {
            "value": 2.0,
            "min": 1.0,
            "max": 99.0,
            "count": 2020
        },
        "Car.Step.mean": {
            "value": 49999981.0,
            "min": 9891.0,
            "max": 49999981.0,
            "count": 5000
        },
        "Car.Step.sum": {
            "value": 49999981.0,
            "min": 9891.0,
            "max": 49999981.0,
            "count": 5000
        },
        "Car.Policy.ExtrinsicValueEstimate.mean": {
            "value": -99.91951751708984,
            "min": -224.5054168701172,
            "max": 0.10514700412750244,
            "count": 5000
        },
        "Car.Policy.ExtrinsicValueEstimate.sum": {
            "value": -30275.61328125,
            "min": -59019.78125,
            "max": 8.411760330200195,
            "count": 5000
        },
        "Car.Environment.EpisodeLength.mean": {
            "value": 32.003311258278146,
            "min": 32.0,
            "max": 999.0,
            "count": 5000
        },
        "Car.Environment.EpisodeLength.sum": {
            "value": 9665.0,
            "min": 3358.0,
            "max": 14393.0,
            "count": 5000
        },
        "Car.Environment.CumulativeReward.mean": {
            "value": -230.48607139461504,
            "min": -11013.342636108398,
            "max": -213.22498077772465,
            "count": 5000
        },
        "Car.Environment.CumulativeReward.sum": {
            "value": -69837.27963256836,
            "min": -133005.657705307,
            "max": -36777.44892883301,
            "count": 5000
        },
        "Car.Policy.ExtrinsicReward.mean": {
            "value": -230.48607139461504,
            "min": -11013.342636108398,
            "max": -213.22498077772465,
            "count": 5000
        },
        "Car.Policy.ExtrinsicReward.sum": {
            "value": -69837.27963256836,
            "min": -133005.657705307,
            "max": -36777.44892883301,
            "count": 5000
        },
        "Car.IsTraining.mean": {
            "value": 1.0,
            "min": 1.0,
            "max": 1.0,
            "count": 5000
        },
        "Car.IsTraining.sum": {
            "value": 1.0,
            "min": 1.0,
            "max": 1.0,
            "count": 5000
        },
        "Car.Losses.PolicyLoss.mean": {
            "value": 0.1372912898659706,
            "min": 0.07625554123272499,
            "max": 0.3430264303460717,
            "count": 4228
        },
        "Car.Losses.PolicyLoss.sum": {
            "value": 0.1372912898659706,
            "min": 0.07625554123272499,
            "max": 0.3430264303460717,
            "count": 4228
        },
        "Car.Losses.ValueLoss.mean": {
            "value": 26519.652604166666,
            "min": 7214.785009765625,
            "max": 40880.76796875,
            "count": 4228
        },
        "Car.Losses.ValueLoss.sum": {
            "value": 26519.652604166666,
            "min": 7214.785009765625,
            "max": 40880.76796875,
            "count": 4228
        },
        "Car.Policy.LearningRate.mean": {
            "value": 4.674998444999254e-08,
            "min": 4.674998444999254e-08,
            "max": 0.00029987436604187796,
            "count": 4228
        },
        "Car.Policy.LearningRate.sum": {
            "value": 4.674998444999254e-08,
            "min": 4.674998444999254e-08,
            "max": 0.00029987436604187796,
            "count": 4228
        },
        "Car.Policy.Epsilon.mean": {
            "value": 0.10001555000000004,
            "min": 0.10001555000000004,
            "max": 0.19995812200000002,
            "count": 4228
        },
        "Car.Policy.Epsilon.sum": {
            "value": 0.10001555000000004,
            "min": 0.10001555000000004,
            "max": 0.19995812200000002,
            "count": 4228
        },
        "Car.Policy.Beta.mean": {
            "value": 1.077594499999988e-05,
            "min": 1.077594499999988e-05,
            "max": 0.0049979102878,
            "count": 4228
        },
        "Car.Policy.Beta.sum": {
            "value": 1.077594499999988e-05,
            "min": 1.077594499999988e-05,
            "max": 0.0049979102878,
            "count": 4228
        },
        "Car.AlignedParking.mean": {
            "value": 1.0,
            "min": 1.0,
            "max": 1.0,
            "count": 4715
        },
        "Car.AlignedParking.sum": {
            "value": 302.0,
            "min": 1.0,
            "max": 454.0,
            "count": 4715
        }
    },
    "metadata": {
        "timer_format_version": "0.1.0",
        "start_time_seconds": "1665032258",
        "python_version": "3.7.13 (default, Mar 28 2022, 08:03:21) [MSC v.1916 64 bit (AMD64)]",
        "command_line_arguments": "C:\\Users\\andre\\anaconda3\\envs\\ml-agents-2.0\\Scripts\\mlagents-learn ./trainer_config.yaml --run-id=final_05",
        "mlagents_version": "0.29.0",
        "mlagents_envs_version": "0.29.0",
        "communication_protocol_version": "1.5.0",
        "pytorch_version": "1.12.1+cpu",
        "numpy_version": "1.21.2",
        "end_time_seconds": "1665089730"
    },
    "total": 57472.6303854,
    "count": 1,
    "self": 0.09490179999556858,
    "children": {
        "run_training.setup": {
            "total": 0.06678320000000015,
            "count": 1,
            "self": 0.06678320000000015
        },
        "TrainerController.start_learning": {
            "total": 57472.4687004,
            "count": 1,
            "self": 93.67537360028655,
            "children": {
                "TrainerController._reset_env": {
                    "total": 4.5753586,
                    "count": 1,
                    "self": 4.5753586
                },
                "TrainerController.advance": {
                    "total": 57374.12473299972,
                    "count": 4961404,
                    "self": 44.235730106833216,
                    "children": {
                        "env_step": {
                            "total": 57329.88900289289,
                            "count": 4961404,
                            "self": 52813.019220693765,
                            "children": {
                                "SubprocessEnvManager._take_step": {
                                    "total": 4474.274177897377,
                                    "count": 4961404,
                                    "self": 229.343131000639,
                                    "children": {
                                        "TorchPolicy.evaluate": {
                                            "total": 4244.931046896738,
                                            "count": 4166687,
                                            "self": 621.6850554947428,
                                            "children": {
                                                "TorchPolicy.sample_actions": {
                                                    "total": 3623.245991401995,
                                                    "count": 4166687,
                                                    "self": 3623.245991401995
                                                }
                                            }
                                        }
                                    }
                                },