{
    "name": "root",
    "metadata": {
        "timer_format_version": "0.1.0",
        "start_time_seconds": "1660362055",
        "python_version": "3.7.13 (default, Mar 28 2022, 08:03:21) [MSC v.1916 64 bit (AMD64)]",
        "command_line_arguments": "C:\\Users\\andre\\anaconda3\\envs\\ml-agents-2.0\\Scripts\\mlagents-learn ./trainer_config.yaml --run-id run_05",
        "mlagents_version": "0.29.0",
        "mlagents_envs_version": "0.29.0",
        "communication_protocol_version": "1.5.0",
        "pytorch_version": "1.12.1+cpu",
        "numpy_version": "1.21.2",
        "end_time_seconds": "1660399883"
    },
    "total": 37828.5671298,
    "count": 1,
    "self": 0.007561600003100466,
    "children": {
        "run_training.setup": {
            "total": 0.07791409999999988,
            "count": 1,
            "self": 0.07791409999999988
        },
        "TrainerController.start_learning": {
            "total": 37828.4816541,
            "count": 1,
            "self": 83.84550489659887,
            "children": {
                "TrainerController._reset_env": {
                    "total": 10.8575057,
                    "count": 1,
                    "self": 10.8575057
                },
                "TrainerController.advance": {
                    "total": 37733.685447503405,
                    "count": 4122346,
                    "self": 39.2496857022561,
                    "children": {
                        "env_step": {
                            "total": 37694.43576180115,
                            "count": 4122346,
                            "self": 33368.6579533004,
                            "children": {
                                "SubprocessEnvManager._take_step": {
                                    "total": 4289.481870998866,
                                    "count": 4122346,
                                    "self": 212.38011259919404,
                                    "children": {
                                        "TorchPolicy.evaluate": {
                                            "total": 4077.101758399672,
                                            "count": 4095177,
                                            "self": 613.3412341031003,
                                            "children": {
                                                "TorchPolicy.sample_actions": {
                                                    "total": 3463.7605242965715,
                                                    "count": 4095177,
                                                    "self": 3463.7605242965715
                                                }
                                            }
                                        }
                                    }
                                },
                                "workers": {
                                    "total": 36.29593750188966,
                                    "count": 4122345,
                                    "self": 0.0,
                                    "children": {
                                        "worker_root": {
                                            "total": 37669.23231029663,
                                            "count": 4122345,
                                            "is_parallel": true,
                                            "self": 8644.003955996453,
                                            "children": {
                                                "steps_from_proto": {
                                                    "total": 0.006777400000000711,
                                                    "count": 1,
                                                    "is_parallel": true,
                                                    "self": 0.00010530000000130713,
                                                    "children": {
                                                        "_process_rank_one_or_two_observation": {
                                                            "total": 0.0066720999999994035,
                                                            "count": 10,
                                                            "is_parallel": true,
                                                            "self": 0.0066720999999994035
                                                        }
                                                    }
                                                },
                                                "UnityEnvironment.step": {
                                                    "total": 29025.221576900178,
                                                    "count": 4122345,
                                                    "is_parallel": true,
                                                    "self": 484.14836970617034,
                                                    "children": {
                                                        "UnityEnvironment._generate_step_input": {
                                                            "total": 340.7934932976602,
                                                            "count": 4122345,
                                                            "is_parallel": true,
                                                            "self": 340.7934932976602
                                                        },
                                                        "communicator.exchange": {
                                                            "total": 26800.364472401227,
                                                            "count": 4122345,
                                                            "is_parallel": true,
                                                            "self": 26800.364472401227
                                                        },
                                                        "steps_from_proto": {
                                                            "total": 1399.9152414951195,
                                                            "count": 4122345,
                                                            "is_parallel": true,
                                                            "self": 359.42667529867254,
                                                            "children": {
                                                                "_process_rank_one_or_two_observation": {
                                                                    "total": 1040.488566196447,
                                                                    "count": 41223450,
                                                                    "is_parallel": true,
                                                                    "self": 1040.488566196447
                                                                }
                                                            }
                                                        }
                                                    }
                                                }
                                            }
                                        }
                                    }
                                }
                            }
                        }
                    }
                },
                "TrainerController._save_models": {
                    "total": 0.09319599999435013,
                    "count": 1,
                    "self": 0.0011654999907477759,
                    "children": {
                        "RLTrainer._checkpoint": {
                            "total": 0.09203050000360236,
                            "count": 1,
                            "self": 0.09203050000360236
                        }
                    }
                }
            }
        }
    }
}