{
    "name": "root",
    "gauges": {
        "Car.Policy.Entropy.mean": {
            "value": 1.2987133264541626,
            "min": 1.2987133264541626,
            "max": 1.4235025644302368,
            "count": 500
        },
        "Car.Policy.Entropy.sum": {
            "value": 12987.1328125,
            "min": 12357.576171875,
            "max": 14499.71875,
            "count": 500
        },
        "Car.Step.mean": {
            "value": 4999917.0,
            "min": 9884.0,
            "max": 4999917.0,
            "count": 500
        },
        "Car.Step.sum": {
            "value": 4999917.0,
            "min": 9884.0,
            "max": 4999917.0,
            "count": 500
        },
        "Car.Policy.ExtrinsicValueEstimate.mean": {
            "value": 42.87678527832031,
            "min": -17.924903869628906,
            "max": 42.87678527832031,
            "count": 500
        },
        "Car.Policy.ExtrinsicValueEstimate.sum": {
            "value": 3430.142822265625,
            "min": -1469.8421630859375,
            "max": 3482.08251953125,
            "count": 500
        },
        "Car.Environment.EpisodeLength.mean": {
            "value": 499.0,
            "min": 335.13793103448273,
            "max": 499.0,
            "count": 500
        },
        "Car.Environment.EpisodeLength.sum": {
            "value": 9980.0,
            "min": 9325.0,
            "max": 10683.0,
            "count": 500
        },
        "Car.Environment.CumulativeReward.mean": {
            "value": 435.06515579223634,
            "min": -391.21499226093295,
            "max": 438.33015937805175,
            "count": 500
        },
        "Car.Environment.CumulativeReward.sum": {
            "value": 8701.303115844727,
            "min": -7824.299845218658,
            "max": 8931.863260269165,
            "count": 500
        },
        "Car.Policy.ExtrinsicReward.mean": {
            "value": 435.06515579223634,
            "min": -391.21499226093295,
            "max": 438.33015937805175,
            "count": 500
        },
        "Car.Policy.ExtrinsicReward.sum": {
            "value": 8701.303115844727,
            "min": -7824.299845218658,
            "max": 8931.863260269165,
            "count": 500
        },
        "Car.IsTraining.mean": {
            "value": 1.0,
            "min": 1.0,
            "max": 1.0,
            "count": 500
        },
        "Car.IsTraining.sum": {
            "value": 1.0,
            "min": 1.0,
            "max": 1.0,
            "count": 500
        },
        "Car.Losses.PolicyLoss.mean": {
            "value": 0.07548429383896291,
            "min": 0.0683929266097645,
            "max": 0.1690585914067924,
            "count": 251
        },
        "Car.Losses.PolicyLoss.sum": {
            "value": 0.07548429383896291,
            "min": 0.0683929266097645,
            "max": 0.1690585914067924,
            "count": 251
        },
        "Car.Losses.ValueLoss.mean": {
            "value": 46.23204549153646,
            "min": 45.75473454793294,
            "max": 481.5506352742513,
            "count": 251
        },
        "Car.Losses.ValueLoss.sum": {
            "value": 46.23204549153646,
            "min": 45.75473454793294,
            "max": 481.5506352742513,
            "count": 251
        },
        "Car.Policy.LearningRate.mean": {
            "value": 5.75079808340014e-07,
            "min": 5.75079808340014e-07,
            "max": 0.00029879232040256,
            "count": 251
        },
        "Car.Policy.LearningRate.sum": {
            "value": 5.75079808340014e-07,
            "min": 5.75079808340014e-07,
            "max": 0.00029879232040256,
            "count": 251
        },
        "Car.Policy.Epsilon.mean": {
            "value": 0.10019166000000004,
            "min": 0.10019166000000004,
            "max": 0.19959743999999996,
            "count": 251
        },
        "Car.Policy.Epsilon.sum": {
            "value": 0.10019166000000004,
            "min": 0.10019166000000004,
            "max": 0.19959743999999996,
            "count": 251
        },
        "Car.Policy.Beta.mean": {
            "value": 1.9563834000000237e-05,
            "min": 1.9563834000000237e-05,
            "max": 0.004979912256,
            "count": 251
        },
        "Car.Policy.Beta.sum": {
            "value": 1.9563834000000237e-05,
            "min": 1.9563834000000237e-05,
            "max": 0.004979912256,
            "count": 251
        }
    },
    "metadata": {
        "timer_format_version": "0.1.0",
        "start_time_seconds": "1660184746",
        "python_version": "3.7.13 (default, Mar 28 2022, 08:03:21) [MSC v.1916 64 bit (AMD64)]",
        "command_line_arguments": "C:\\Users\\andre\\anaconda3\\envs\\ml-agents-2.0\\Scripts\\mlagents-learn ./trainer_config.yaml --run-id run_overnight_01",
        "mlagents_version": "0.29.0",
        "mlagents_envs_version": "0.29.0",
        "communication_protocol_version": "1.5.0",
        "pytorch_version": "1.12.1+cpu",
        "numpy_version": "1.21.2",
        "end_time_seconds": "1660210594"
    },
    "total": 25848.4132189,
    "count": 1,
    "self": 0.04507589999775519,
    "children": {
        "run_training.setup": {
            "total": 0.060047300000000026,
            "count": 1,
            "self": 0.060047300000000026
        },
        "TrainerController.start_learning": {
            "total": 25848.308095700002,
            "count": 1,
            "self": 87.12529620051282,
            "children": {
                "TrainerController._reset_env": {
                    "total": 13.914974899999999,
                    "count": 1,
                    "self": 13.914974899999999
                },
                "TrainerController.advance": {
                    "total": 25747.189756599488,
                    "count": 5009281,
                    "self": 40.73884789783551,
                    "children": {
                        "env_step": {
                            "total": 25706.450908701652,
                            "count": 5009281,
                            "self": 22051.077942002343,
                            "children": {
                                "SubprocessEnvManager._take_step": {
                                    "total": 3617.4437501976963,
                                    "count": 5009281,
                                    "self": 199.87789130159717,
                                    "children": {
                                        "TorchPolicy.evaluate": {
                                            "total": 3417.565858896099,
                                            "count": 5000051,
                                            "self": 519.7778723961533,
                                            "children": {
                                                "TorchPolicy.sample_actions": {
                                                    "total": 2897.787986499946,
                                                    "count": 5000051,
                                                    "self": 2897.787986499946
                                                }
                                            }
                                        }
                                    }
                                },
                                "workers": {
                                    "total": 37.92921650161406,
                                    "count": 5009281,
                                    "self": 0.0,
                                    "children": {
                                        "worker_root": {
                                            "total": 25741.586381299818,
                                            "count": 5009281,
                                            "is_parallel": true,
                                            "self": 6703.010082696506,