{
    "name": "root",
    "metadata": {
        "timer_format_version": "0.1.0",
        "start_time_seconds": "1660344774",
        "python_version": "3.7.13 (default, Mar 28 2022, 08:03:21) [MSC v.1916 64 bit (AMD64)]",
        "command_line_arguments": "C:\\Users\\andre\\anaconda3\\envs\\ml-agents-2.0\\Scripts\\mlagents-learn ./trainer_config.yaml --run-id run_03",
        "mlagents_version": "0.29.0",
        "mlagents_envs_version": "0.29.0",
        "communication_protocol_version": "1.5.0",
        "pytorch_version": "1.12.1+cpu",
        "numpy_version": "1.21.2",
        "end_time_seconds": "1660347385"
    },
    "total": 2611.6993094000004,
    "count": 1,
    "self": 0.003203400000529655,
    "children": {
        "run_training.setup": {
            "total": 0.05520420000000004,
            "count": 1,
            "self": 0.05520420000000004
        },
        "TrainerController.start_learning": {
            "total": 2611.6409018,
            "count": 1,
            "self": 5.677416900034132,
            "children": {
                "TrainerController._reset_env": {
                    "total": 12.4119116,
                    "count": 1,
                    "self": 12.4119116
                },
                "TrainerController.advance": {
                    "total": 2593.4632413999657,
                    "count": 273183,
                    "self": 2.69436479993783,
                    "children": {
                        "env_step": {
                            "total": 2590.768876600028,
                            "count": 273183,
                            "self": 2288.567793700124,
                            "children": {
                                "SubprocessEnvManager._take_step": {
                                    "total": 299.6874617999101,
                                    "count": 273183,
                                    "self": 14.713185899906534,
                                    "children": {
                                        "TorchPolicy.evaluate": {
                                            "total": 284.9742759000036,
                                            "count": 271861,
                                            "self": 42.35465759999437,
                                            "children": {
                                                "TorchPolicy.sample_actions": {
                                                    "total": 242.61961830000922,
                                                    "count": 271861,
                                                    "self": 242.61961830000922
                                                }
                                            }
                                        }
                                    }
                                },
                                "workers": {
                                    "total": 2.5136210999935535,
                                    "count": 273182,
                                    "self": 0.0,
                                    "children": {
                                        "worker_root": {
                                            "total": 2591.192096599965,
                                            "count": 273182,
                                            "is_parallel": true,
                                            "self": 613.8103338999315,
                                            "children": {
                                                "steps_from_proto": {
                                                    "total": 0.00107520000000072,
                                                    "count": 1,
                                                    "is_parallel": true,
                                                    "self": 0.0002540000000017528,
                                                    "children": {
                                                        "_process_rank_one_or_two_observation": {
                                                            "total": 0.0008211999999989672,
                                                            "count": 10,
                                                            "is_parallel": true,
                                                            "self": 0.0008211999999989672
                                                        }
                                                    }
                                                },
                                                "UnityEnvironment.step": {
                                                    "total": 1977.3806875000337,
                                                    "count": 273182,
                                                    "is_parallel": true,
                                                    "self": 35.39649380008382,
                                                    "children": {
                                                        "UnityEnvironment._generate_step_input": {
                                                            "total": 26.013109000060822,
                                                            "count": 273182,
                                                            "is_parallel": true,
                                                            "self": 26.013109000060822
                                                        },
                                                        "communicator.exchange": {
                                                            "total": 1812.2020481999557,
                                                            "count": 273182,
                                                            "is_parallel": true,
                                                            "self": 1812.2020481999557
                                                        },
                                                        "steps_from_proto": {
                                                            "total": 103.76903649993326,
                                                            "count": 273182,
                                                            "is_parallel": true,
                                                            "self": 26.66730439941088,
                                                            "children": {
                                                                "_process_rank_one_or_two_observation": {
                                                                    "total": 77.10173210052238,
                                                                    "count": 2731820,
                                                                    "is_parallel": true,
                                                                    "self": 77.10173210052238
                                                                }
                                                            }
                                                        }
                                                    }
                                                }
                                            }
                                        }
                                    }
                                }
                            }
                        }
                    }
                },
                "TrainerController._save_models": {
                    "total": 0.08833189999995739,
                    "count": 1,
                    "self": 0.001485199999933684,
                    "children": {
                        "RLTrainer._checkpoint": {
                            "total": 0.0868467000000237,
                            "count": 1,
                            "self": 0.0868467000000237
                        }
                    }
                }
            }
        }
    }
}