{
    "name": "root",
    "gauges": {
        "Car.Policy.Entropy.mean": {
            "value": -1.6748862266540527,
            "min": -1.6749098300933838,
            "max": 1.6457138061523438,
            "count": 5000
        },
        "Car.Policy.Entropy.sum": {
            "value": -16762.26171875,
            "min": -17885.298828125,
            "max": 19790.52734375,
            "count": 5000
        },
        "Car.Collisions.mean": {
            "value": 1.0,
            "min": 1.0,
            "max": 1.0,
            "count": 1416
        },
        "Car.Collisions.sum": {
            "value": 5.0,
            "min": 1.0,
            "max": 233.0,
            "count": 1416
        },
        "Car.Step.mean": {
            "value": 49999985.0,
            "min": 9923.0,
            "max": 49999985.0,
            "count": 5000
        },
        "Car.Step.sum": {
            "value": 49999985.0,
            "min": 9923.0,
            "max": 49999985.0,
            "count": 5000
        },
        "Car.Policy.ExtrinsicValueEstimate.mean": {
            "value": -75.70193481445312,
            "min": -229.2140655517578,
            "max": 0.04102218523621559,
            "count": 5000
        },
        "Car.Policy.ExtrinsicValueEstimate.sum": {
            "value": -21802.15625,
            "min": -57460.1796875,
            "max": 3.5279078483581543,
            "count": 5000
        },
        "Car.Environment.EpisodeLength.mean": {
            "value": 33.717770034843205,
            "min": 32.996587030716725,
            "max": 999.0,
            "count": 5000
        },
        "Car.Environment.EpisodeLength.sum": {
            "value": 9677.0,
            "min": 4708.0,
            "max": 14985.0,
            "count": 5000
        },
        "Car.Environment.CumulativeReward.mean": {
            "value": -241.4563095304701,
            "min": -11051.14249267578,
            "max": -226.3132529336898,
            "count": 5000
        },
        "Car.Environment.CumulativeReward.sum": {
            "value": -69539.41714477539,
            "min": -135964.7719116211,
            "max": -52479.72171020508,
            "count": 5000
        },
        "Car.Policy.ExtrinsicReward.mean": {
            "value": -241.4563095304701,
            "min": -11051.14249267578,
            "max": -226.3132529336898,
            "count": 5000
        },
        "Car.Policy.ExtrinsicReward.sum": {
            "value": -69539.41714477539,
            "min": -135964.7719116211,
            "max": -52479.72171020508,
            "count": 5000
        },
        "Car.IsTraining.mean": {
            "value": 1.0,
            "min": 1.0,
            "max": 1.0,
            "count": 5000
        },
        "Car.IsTraining.sum": {
            "value": 1.0,
            "min": 1.0,
            "max": 1.0,
            "count": 5000
        },
        "Car.Losses.PolicyLoss.mean": {
            "value": 0.14369276389479638,
            "min": 0.06861460690464204,
            "max": 0.41951741501688955,
            "count": 4111
        },
        "Car.Losses.PolicyLoss.sum": {
            "value": 0.14369276389479638,
            "min": 0.06861460690464204,
            "max": 0.41951741501688955,
            "count": 4111
        },
        "Car.Losses.ValueLoss.mean": {
            "value": 19053.027799479165,
            "min": 4061.234297688802,
            "max": 29836.236360677085,
            "count": 4111
        },
        "Car.Losses.ValueLoss.sum": {
            "value": 19053.027799479165,
            "min": 4061.234297688802,
            "max": 29836.236360677085,
            "count": 4111
        },
        "Car.Policy.LearningRate.mean": {
            "value": 1.3509995530002589e-08,
            "min": 1.3509995530002589e-08,
            "max": 0.00029988275403908195,
            "count": 4111
        },
        "Car.Policy.LearningRate.sum": {
            "value": 1.3509995530002589e-08,
            "min": 1.3509995530002589e-08,
            "max": 0.00029988275403908195,
            "count": 4111
        },
        "Car.Policy.Epsilon.mean": {
            "value": 0.10000447000000001,
            "min": 0.10000447000000001,
            "max": 0.19996091800000007,
            "count": 4111
        },
        "Car.Policy.Epsilon.sum": {
            "value": 0.10000447000000001,
            "min": 0.10000447000000001,
            "max": 0.19996091800000007,
            "count": 4111
        },
        "Car.Policy.Beta.mean": {
            "value": 1.0223053000000039e-05,
            "min": 1.0223053000000039e-05,
            "max": 0.004998049808200001,
            "count": 4111
        },
        "Car.Policy.Beta.sum": {
            "value": 1.0223053000000039e-05,
            "min": 1.0223053000000039e-05,
            "max": 0.004998049808200001,
            "count": 4111
        },
        "Car.AlignedParking.mean": {
            "value": 1.0,
            "min": 1.0,
            "max": 1.0,
            "count": 4526
        },
        "Car.AlignedParking.sum": {
            "value": 287.0,
            "min": 1.0,
            "max": 444.0,
            "count": 4526
        }
    },
    "metadata": {
        "timer_format_version": "0.1.0",
        "start_time_seconds": "1664856695",
        "python_version": "3.7.13 (default, Mar 28 2022, 08:03:21) [MSC v.1916 64 bit (AMD64)]",
        "command_line_arguments": "C:\\Users\\andre\\anaconda3\\envs\\ml-agents-2.0\\Scripts\\mlagents-learn ./trainer_config.yaml --run-id=final_03",
        "mlagents_version": "0.29.0",
        "mlagents_envs_version": "0.29.0",
        "communication_protocol_version": "1.5.0",
        "pytorch_version": "1.12.1+cpu",
        "numpy_version": "1.21.2",
        "end_time_seconds": "1664916183"
    },
    "total": 59487.386642699996,
    "count": 1,
    "self": 0.05767189998732647,
    "children": {
        "run_training.setup": {
            "total": 0.0624115999999999,
            "count": 1,
            "self": 0.0624115999999999
        },
        "TrainerController.start_learning": {
            "total": 59487.266559200005,
            "count": 1,
            "self": 91.36064370208624,
            "children": {
                "TrainerController._reset_env": {
                    "total": 5.5845343,
                    "count": 1,
                    "self": 5.5845343
                },
                "TrainerController.advance": {
                    "total": 59390.20969199793,
                    "count": 5008712,
                    "self": 44.390642386126274,
                    "children": {
                        "env_step": {
                            "total": 59345.819049611804,
                            "count": 5008712,
                            "self": 54861.67702681016,
                            "children": {
                                "SubprocessEnvManager._take_step": {
                                    "total": 4441.984343803177,
                                    "count": 5008712,
                                    "self": 227.384609309609,
                                    "children": {
                                        "TorchPolicy.evaluate": {
                                            "total": 4214.599734493568,
                                            "count": 4166686,
                                            "self": 615.2707752969909,
                                            "children": {
                                                "TorchPolicy.sample_actions": {
                                                    "total": 3599.3289591965768,
                                                    "count": 4166686,
                                                    "self": 3599.3289591965768
                                                }
                                            }
                                        }
                                    }
                                },