{
    "name": "root",
    "metadata": {
        "timer_format_version": "0.1.0",
        "start_time_seconds": "1664813775",
        "python_version": "3.7.13 (default, Mar 28 2022, 08:03:21) [MSC v.1916 64 bit (AMD64)]",
        "command_line_arguments": "C:\\Users\\andre\\anaconda3\\envs\\ml-agents-2.0\\Scripts\\mlagents-learn ./trainer_config.yaml --run-id=final_01",
        "mlagents_version": "0.29.0",
        "mlagents_envs_version": "0.29.0",
        "communication_protocol_version": "1.5.0",
        "pytorch_version": "1.12.1+cpu",
        "numpy_version": "1.21.2",
        "end_time_seconds": "1664846826"
    },
    "total": 33051.0425525,
    "count": 1,
    "self": 0.011305100000754464,
    "children": {
        "run_training.setup": {
            "total": 0.07375219999999993,
            "count": 1,
            "self": 0.07375219999999993
        },
        "TrainerController.start_learning": {
            "total": 33050.957495200004,
            "count": 1,
            "self": 58.25547999940318,
            "children": {
                "TrainerController._reset_env": {
                    "total": 8.3962592,
                    "count": 1,
                    "self": 8.3962592
                },
                "TrainerController.advance": {
                    "total": 32984.101144800596,
                    "count": 2906706,
                    "self": 30.59506730029534,
                    "children": {
                        "env_step": {
                            "total": 32953.5060775003,
                            "count": 2906706,
                            "self": 29440.64431200008,
                            "children": {
                                "SubprocessEnvManager._take_step": {
                                    "total": 3486.3584399992956,
                                    "count": 2906706,
                                    "self": 173.6342478012316,
                                    "children": {
                                        "TorchPolicy.evaluate": {
                                            "total": 3312.724192198064,
                                            "count": 2851217,
                                            "self": 487.45441640098124,
                                            "children": {
                                                "TorchPolicy.sample_actions": {
                                                    "total": 2825.2697757970827,
                                                    "count": 2851217,
                                                    "self": 2825.2697757970827
                                                }
                                            }
                                        }
                                    }
                                },
                                "workers": {
                                    "total": 26.503325500923943,
                                    "count": 2906705,
                                    "self": 0.0,
                                    "children": {
                                        "worker_root": {
                                            "total": 32936.62936010112,
                                            "count": 2906705,
                                            "is_parallel": true,
                                            "self": 8652.446237501896,
                                            "children": {
                                                "steps_from_proto": {
                                                    "total": 0.003068400000000082,
                                                    "count": 1,
                                                    "is_parallel": true,
                                                    "self": 0.0001603000000010013,
                                                    "children": {
                                                        "_process_rank_one_or_two_observation": {
                                                            "total": 0.002908099999999081,
                                                            "count": 10,
                                                            "is_parallel": true,
                                                            "self": 0.002908099999999081
                                                        }
                                                    }
                                                },
                                                "UnityEnvironment.step": {
                                                    "total": 24284.180054199223,
                                                    "count": 2906705,
                                                    "is_parallel": true,
                                                    "self": 476.61486010172666,
                                                    "children": {
                                                        "UnityEnvironment._generate_step_input": {
                                                            "total": 344.66666369675056,
                                                            "count": 2906705,
                                                            "is_parallel": true,
                                                            "self": 344.66666369675056
                                                        },
                                                        "communicator.exchange": {
                                                            "total": 22190.04964899963,
                                                            "count": 2906705,
                                                            "is_parallel": true,
                                                            "self": 22190.04964899963
                                                        },
                                                        "steps_from_proto": {
                                                            "total": 1272.848881401118,
                                                            "count": 2906705,
                                                            "is_parallel": true,
                                                            "self": 290.2277927130922,
                                                            "children": {
                                                                "_process_rank_one_or_two_observation": {
                                                                    "total": 982.6210886880258,
                                                                    "count": 29067050,
                                                                    "is_parallel": true,
                                                                    "self": 982.6210886880258
                                                                }
                                                            }
                                                        }
                                                    }
                                                }
                                            }
                                        }
                                    }
                                }
                            }
                        }
                    }
                },
                "TrainerController._save_models": {
                    "total": 0.20461120000254596,
                    "count": 1,
                    "self": 0.0018336000066483393,
                    "children": {
                        "RLTrainer._checkpoint": {
                            "total": 0.20277759999589762,
                            "count": 1,
                            "self": 0.20277759999589762
                        }
                    }
                }
            }
        }
    }
}