{"count":1,"self":37306.9217792,"total":71538.07847149999,"children":{"InitializeActuators":{"count":12,"self":0.0009989,"total":0.0009989,"children":null},"InitializeSensors":{"count":12,"self":0.001,"total":0.001,"children":null},"AgentSendState":{"count":28539352,"self":1719.7533184,"total":2682.0110185999997,"children":{"CollectObservations":{"count":68494452,"self":144.5351296,"total":144.5351274,"children":null},"WriteActionMask":{"count":68494452,"self":11.4364104,"total":11.4364103,"children":null},"RequestDecision":{"count":68494452,"self":77.28837759999999,"total":806.2861886,"children":{"AgentInfo.ToProto":{"count":68494452,"self":52.599452799999995,"total":728.99781079999991,"children":{"GenerateSensorData":{"count":68494452,"self":487.9576576,"total":676.3983565,"children":{"RayPerceptionSensor.Perceive":{"count":273977808,"self":188.4406912,"total":188.44069019999998,"children":null}}}}}}}}},"DecideAction":{"count":28539352,"self":29680.6776832,"total":29680.6764687,"children":null},"AgentAct":{"count":28539352,"self":1865.4871552,"total":1868.3718258,"children":{"AgentInfo.ToProto":{"count":148135,"self":0.4547902,"total":2.8846388999999997,"children":{"GenerateSensorData":{"count":148135,"self":1.8102335999999999,"total":2.4298487,"children":{"RayPerceptionSensor.Perceive":{"count":592540,"self":0.61961519999999992,"total":0.61961519999999992,"children":null}}}}}}},"AgentInfo.ToProto":{"count":3948,"self":0.022397399999999998,"total":0.0951886,"children":{"GenerateSensorData":{"count":3948,"self":0.0523256,"total":0.0727912,"children":{"RayPerceptionSensor.Perceive":{"count":15792,"self":0.0204656,"total":0.0204656,"children":null}}}}}},"gauges":{"Car.CumulativeReward":{"count":152083,"max":1959.81152,"min":-8697.101,"runningAverage":409.579071,"value":59.93124,"weightedAverage":196.488083}},"metadata":{"timer_format_version":"0.1.0","start_time_seconds":"1660487023","unity_version":"2021.3.7f1","command_line_arguments":"C:\\Program Files\\Unity\\Hub\\Editor\\2021.3.7f1\\Editor\\Unity.exe -projectpath D:\\MAP2010\\code\\selfparking -useHub -hubIPC -cloudEnvironment production -licensingIpc LicenseClient-e86pFzye5B0aY293pEopT -hubSessionId 8e8ec300-1bd8-11ed-986d-dd0a72de6cc5 -accessToken bT4UTSuqbNg5eibAB09joI60jc938Rpc6Qe4yryyxPw004f","communication_protocol_version":"1.5.0","com.unity.ml-agents_version":"2.0.1","scene_name":"parking","end_time_seconds":"1660558561"}}