{"count":1,"self":29429.422489599998,"total":59942.1011411,"children":{"InitializeActuators":{"count":9,"self":0.0009996,"total":0.0009996,"children":null},"InitializeSensors":{"count":9,"self":0.001999,"total":0.001999,"children":null},"AgentSendState":{"count":27778202,"self":1100.8689152,"total":1793.6976172999998,"children":{"CollectObservations":{"count":50000769,"self":101.9293632,"total":101.92936329999999,"children":null},"WriteActionMask":{"count":50000769,"self":8.6278487999999989,"total":8.6278487999999989,"children":null},"RequestDecision":{"count":50000769,"self":57.9329088,"total":582.2715195,"children":{"AgentInfo.ToProto":{"count":50000769,"self":43.3571072,"total":524.3386127,"children":{"GenerateSensorData":{"count":50000769,"self":345.7393664,"total":480.9815058,"children":{"RayPerceptionSensor.Perceive":{"count":200003076,"self":135.2421376,"total":135.2421368,"children":null}}}}}}}}},"DecideAction":{"count":27778202,"self":27285.7710592,"total":27285.770880099997,"children":null},"AgentAct":{"count":27778202,"self":1432.2151423999999,"total":1433.1936636,"children":{"AgentInfo.ToProto":{"count":49738,"self":0.16886869999999998,"total":0.9785609,"children":{"GenerateSensorData":{"count":49738,"self":0.6106806,"total":0.8096922,"children":{"RayPerceptionSensor.Perceive":{"count":198952,"self":0.19901159999999998,"total":0.19901159999999998,"children":null}}}}}}},"AgentInfo.ToProto":{"count":345,"self":0.001015,"total":0.0079175,"children":{"GenerateSensorData":{"count":345,"self":0.0054031,"total":0.0069025,"children":{"RayPerceptionSensor.Perceive":{"count":1380,"self":0.0014994,"total":0.0014994,"children":null}}}}}},"gauges":{"Car.CumulativeReward":{"count":50083,"max":4954.77,"min":-9092.207,"runningAverage":-1504.746,"value":-1760.3623,"weightedAverage":-1221.24438}},"metadata":{"timer_format_version":"0.1.0","start_time_seconds":"1669126173","unity_version":"2021.3.7f1","command_line_arguments":"C:\\Program Files\\Unity\\Hub\\Editor\\2021.3.7f1\\Editor\\Unity.exe -projectpath D:\\MAP2010\\code\\selfparking -useHub -hubIPC -cloudEnvironment production -licensingIpc LicenseClient-andre -hubSessionId bd8cdcf0-63d6-11ed-8841-bdbaeb229e48 -accessToken uUvsvY8vQfF8c8sQV3zQGzNFK5pK0dYx19KCDKWPr7k004f","communication_protocol_version":"1.5.0","com.unity.ml-agents_version":"2.0.1","scene_name":"parking","end_time_seconds":"1669186115"}}