{"count":1,"self":29611.232460799998,"total":57469.327599799995,"children":{"InitializeActuators":{"count":12,"self":0.0010014,"total":0.0010014,"children":null},"InitializeSensors":{"count":12,"self":0.001633,"total":0.001633,"children":null},"AgentSendState":{"count":20833435,"self":1167.218688,"total":1798.6844343999999,"children":{"CollectObservations":{"count":50000244,"self":94.773849599999991,"total":94.7738473,"children":null},"WriteActionMask":{"count":50000244,"self":7.17252,"total":7.1725201999999992,"children":null},"RequestDecision":{"count":50000244,"self":51.3817184,"total":529.51941979999992,"children":{"AgentInfo.ToProto":{"count":50000244,"self":35.8269568,"total":478.1377025,"children":{"GenerateSensorData":{"count":50000244,"self":313.70112,"total":442.31074429999995,"children":{"RayPerceptionSensor.Perceive":{"count":200000976,"self":128.6096256,"total":128.60962229999998,"children":null}}}}}}}}},"DecideAction":{"count":20833435,"self":24471.2964096,"total":24471.2956996,"children":null},"AgentAct":{"count":20833435,"self":1567.0445055999999,"total":1588.1020336,"children":{"AgentInfo.ToProto":{"count":1226097,"self":2.8632831999999997,"total":21.0574905,"children":{"GenerateSensorData":{"count":1226097,"self":13.217188799999999,"total":18.1942074,"children":{"RayPerceptionSensor.Perceive":{"count":4904388,"self":4.9770188,"total":4.9770188,"children":null}}}}}}},"AgentInfo.ToProto":{"count":325,"self":0,"total":0.007071,"children":{"GenerateSensorData":{"count":325,"self":0.005071,"total":0.007071,"children":{"RayPerceptionSensor.Perceive":{"count":1300,"self":0.002,"total":0.002,"children":null}}}}}},"gauges":{"Car.CumulativeReward":{"count":1226422,"max":1688.35278,"min":-28027.8359,"runningAverage":-312.1053,"value":-314.319641,"weightedAverage":-169.975861}},"metadata":{"timer_format_version":"0.1.0","start_time_seconds":"1665032262","unity_version":"2021.3.7f1","command_line_arguments":"C:\\Program Files\\Unity\\Hub\\Editor\\2021.3.7f1\\Editor\\Unity.exe -projectpath D:\\MAP2010\\code\\selfparking -useHub -hubIPC -cloudEnvironment production -licensingIpc LicenseClient-andre -hubSessionId 0207aee0-4533-11ed-98d0-798867fc2330 -accessToken LblxJA8hCZ0HEcu6wHsghymhPVPalA9WoQ878jf1ILU004f","communication_protocol_version":"1.5.0","com.unity.ml-agents_version":"2.0.1","scene_name":"parking","end_time_seconds":"1665089731"}}