{
    "name": "root",
    "metadata": {
        "timer_format_version": "0.1.0",
        "start_time_seconds": "1664846831",
        "python_version": "3.7.13 (default, Mar 28 2022, 08:03:21) [MSC v.1916 64 bit (AMD64)]",
        "command_line_arguments": "C:\\Users\\andre\\anaconda3\\envs\\ml-agents-2.0\\Scripts\\mlagents-learn ./trainer_config.yaml --run-id=final_02",
        "mlagents_version": "0.29.0",
        "mlagents_envs_version": "0.29.0",
        "communication_protocol_version": "1.5.0",
        "pytorch_version": "1.12.1+cpu",
        "numpy_version": "1.21.2",
        "end_time_seconds": "1664847364"
    },
    "total": 533.7297824999999,
    "count": 1,
    "self": 0.007793399999968642,
    "children": {
        "run_training.setup": {
            "total": 0.07497789999999993,
            "count": 1,
            "self": 0.07497789999999993
        },
        "TrainerController.start_learning": {
            "total": 533.6470112,
            "count": 1,
            "self": 0.896178900001587,
            "children": {
                "TrainerController._reset_env": {
                    "total": 9.1488519,
                    "count": 1,
                    "self": 9.1488519
                },
                "TrainerController.advance": {
                    "total": 523.0931780999983,
                    "count": 29325,
                    "self": 0.46687759999895206,
                    "children": {
                        "env_step": {
                            "total": 522.6263004999994,
                            "count": 29325,
                            "self": 464.28754269999826,
                            "children": {
                                "SubprocessEnvManager._take_step": {
                                    "total": 57.9114011999992,
                                    "count": 29325,
                                    "self": 2.786033100000047,
                                    "children": {
                                        "TorchPolicy.evaluate": {
                                            "total": 55.12536809999915,
                                            "count": 29211,
                                            "self": 8.157981799996065,
                                            "children": {
                                                "TorchPolicy.sample_actions": {
                                                    "total": 46.967386300003085,
                                                    "count": 29211,
                                                    "self": 46.967386300003085
                                                }
                                            }
                                        }
                                    }
                                },
                                "workers": {
                                    "total": 0.4273566000019233,
                                    "count": 29324,
                                    "self": 0.0,
                                    "children": {
                                        "worker_root": {
                                            "total": 461.5010506000003,
                                            "count": 29324,
                                            "is_parallel": true,
                                            "self": 132.5905628000014,
                                            "children": {
                                                "steps_from_proto": {
                                                    "total": 0.0033873999999993742,
                                                    "count": 1,
                                                    "is_parallel": true,
                                                    "self": 0.00014209999999614809,
                                                    "children": {
                                                        "_process_rank_one_or_two_observation": {
                                                            "total": 0.003245300000003226,
                                                            "count": 10,
                                                            "is_parallel": true,
                                                            "self": 0.003245300000003226
                                                        }
                                                    }
                                                },
                                                "UnityEnvironment.step": {
                                                    "total": 328.9071003999989,
                                                    "count": 29324,
                                                    "is_parallel": true,
                                                    "self": 6.758201899997573,
                                                    "children": {
                                                        "UnityEnvironment._generate_step_input": {
                                                            "total": 6.408638800000617,
                                                            "count": 29324,
                                                            "is_parallel": true,
                                                            "self": 6.408638800000617
                                                        },
                                                        "communicator.exchange": {
                                                            "total": 295.41607209999916,
                                                            "count": 29324,
                                                            "is_parallel": true,
                                                            "self": 295.41607209999916
                                                        },
                                                        "steps_from_proto": {
                                                            "total": 20.324187600001565,
                                                            "count": 29324,
                                                            "is_parallel": true,
                                                            "self": 4.773319699994532,
                                                            "children": {
                                                                "_process_rank_one_or_two_observation": {
                                                                    "total": 15.550867900007033,
                                                                    "count": 293240,
                                                                    "is_parallel": true,
                                                                    "self": 15.550867900007033
                                                                }
                                                            }
                                                        }
                                                    }
                                                }
                                            }
                                        }
                                    }
                                }
                            }
                        }
                    }
                },
                "TrainerController._save_models": {
                    "total": 0.5088023000000703,
                    "count": 1,
                    "self": 0.003396700000052988,
                    "children": {
                        "RLTrainer._checkpoint": {
                            "total": 0.5054056000000173,
                            "count": 1,
                            "self": 0.5054056000000173
                        }
                    }
                }
            }
        }
    }
}